dataset_name,class_name,count
PlantVillage,Apple___Apple_scab,630
PlantVillage,Apple___Black_rot,621
PlantVillage,Apple___Cedar_apple_rust,275
PlantVillage,Apple___healthy,1645
PlantVillage,Blueberry___healthy,1502
PlantVillage,Cherry_(including_sour)___healthy,854
PlantVillage,Cherry_(including_sour)___Powdery_mildew,1052
PlantVillage,Corn_(maize)___Cercospora_leaf_spot Gray_leaf_spot,513
PlantVillage,Corn_(maize)___Common_rust_,1192
PlantVillage,Corn_(maize)___healthy,1162
PlantVillage,Corn_(maize)___Northern_Leaf_Blight,985
PlantVillage,Grape___Black_rot,1180
PlantVillage,Grape___Esca_(Black_Measles),1383
PlantVillage,Grape___healthy,423
PlantVillage,Grape___Leaf_blight_(Isariopsis_Leaf_Spot),1076
PlantVillage,Orange___Haunglongbing_(Citrus_greening),5507
PlantVillage,Peach___Bacterial_spot,2297
PlantVillage,Peach___healthy,360
PlantVillage,"Pepper,_bell___Bacterial_spot",997
PlantVillage,"Pepper,_bell___healthy",1478
PlantVillage,Potato___Early_blight,1000
PlantVillage,Potato___healthy,152
PlantVillage,Potato___Late_blight,1000
PlantVillage,Raspberry___healthy,371
PlantVillage,Soybean___healthy,5090
PlantVillage,Squash___Powdery_mildew,1835
PlantVillage,Strawberry___healthy,456
PlantVillage,Strawberry___Leaf_scorch,1109
PlantVillage,Tomato___Bacterial_spot,2127
PlantVillage,Tomato___Early_blight,1000
PlantVillage,Tomato___healthy,1591
PlantVillage,Tomato___Late_blight,1909
PlantVillage,Tomato___Leaf_Mold,952
PlantVillage,Tomato___Septoria_leaf_spot,1771
PlantVillage,Tomato___Spider_mites Two-spotted_spider_mite,1676
PlantVillage,Tomato___Target_Spot,1404
PlantVillage,Tomato___Tomato_mosaic_virus,373
PlantVillage,Tomato___Tomato_Yellow_Leaf_Curl_Virus,5357
AppleLeaf9,Alternaria leaf spot,417
AppleLeaf9,Brown spot,411
AppleLeaf9,Frogeye leaf spot,3181
AppleLeaf9,Grey spot,339
AppleLeaf9,Health,516
AppleLeaf9,Mosaic,371
AppleLeaf9,Powdery mildew,1184
AppleLeaf9,Rust,2753
AppleLeaf9,Scab,5410
PlantPathology2021,complex,1602
PlantPathology2021,frog_eye_leaf_spot,3181
PlantPathology2021,healthy,4624
PlantPathology2021,powdery_mildew,1184
PlantPathology2021,rust,1860
PlantPathology2021,scab,4826
