section,item,value
summary,total_csv_rows,18632
summary,available_image_files,18632
summary,single_label_samples,17277
summary,multi_label_samples,1355
summary,empty_label_samples,0
summary,missing_images_in_folder,0
unique_label,complex,
unique_label,frog_eye_leaf_spot,
unique_label,healthy,
unique_label,powdery_mildew,
unique_label,rust,
unique_label,scab,
single_label_class_count,complex,1602
single_label_class_count,frog_eye_leaf_spot,3181
single_label_class_count,healthy,4624
single_label_class_count,powdery_mildew,1184
single_label_class_count,rust,1860
single_label_class_count,scab,4826
