run_name,mlflow_run_id,dataset_name,model_name,model_type,seed,split_file,num_classes,total_train_samples,total_val_samples,total_test_samples,image_size,batch_size,epochs,optimizer,learning_rate,weight_decay,pretrained,device,best_epoch,best_val_accuracy,best_val_macro_f1,test_accuracy,test_macro_precision,test_macro_recall,test_macro_f1,test_weighted_precision,test_weighted_recall,test_weighted_f1,params,model_size_mb,checkpoint_path,history_path,per_class_metrics_path,confusion_matrix_csv_path,confusion_matrix_png_path,learning_curves_path,stage,scheduler,num_workers,dry_run,max_train_batches,max_val_batches,max_test_batches,experiment_name,tracking_uri,trainable_params
baseline__appleleaf9__mobilenet_v3_small__seed42__cuda__full__epochs30,6eeee3b7d6e74feebeffea63a6268144,appleleaf9,mobilenet_v3_small,baseline_student,42,splits/appleleaf9_seed42_70_15_15.json,9,10208,2184,2190,224,32,30,adamw,0.001,0.0001,True,cuda,8,0.9574175824175823,0.948503872346781,0.9538812785388128,0.9377798824117144,0.9431444775391457,0.940136619832226,0.9542013500274992,0.9538812785388128,0.9539393706012544,1527081,5.871814727783203,checkpoints/appleleaf9/mobilenet_v3_small/baseline__appleleaf9__mobilenet_v3_small__seed42__cuda__full__epochs30_best.pt,results/baseline/runs/appleleaf9/mobilenet_v3_small/baseline__appleleaf9__mobilenet_v3_small__seed42__cuda__full__epochs30/history.csv,results/baseline/runs/appleleaf9/mobilenet_v3_small/baseline__appleleaf9__mobilenet_v3_small__seed42__cuda__full__epochs30/per_class_metrics.csv,results/baseline/runs/appleleaf9/mobilenet_v3_small/baseline__appleleaf9__mobilenet_v3_small__seed42__cuda__full__epochs30/confusion_matrix.csv,results/baseline/runs/appleleaf9/mobilenet_v3_small/baseline__appleleaf9__mobilenet_v3_small__seed42__cuda__full__epochs30/confusion_matrix.png,results/baseline/runs/appleleaf9/mobilenet_v3_small/baseline__appleleaf9__mobilenet_v3_small__seed42__cuda__full__epochs30/learning_curves.png,baseline,none,4,False,,,,,sqlite:///mlflow.db,1527081
baseline__appleleaf9__mobilenet_v3_large__seed42__cuda__full__epochs30,11227238397842779d3a3090e3076a9e,appleleaf9,mobilenet_v3_large,baseline_student,42,splits/appleleaf9_seed42_70_15_15.json,9,10208,2184,2190,224,32,30,adamw,0.001,0.0001,True,cuda,24,0.9748168498168498,0.967672274512114,0.96986301369863,0.9595691237821896,0.9593993409667992,0.9592139997964936,0.9700641838474632,0.96986301369863,0.9698529432336872,4213561,16.166889190673828,checkpoints/appleleaf9/mobilenet_v3_large/baseline__appleleaf9__mobilenet_v3_large__seed42__cuda__full__epochs30_best.pt,results/baseline/runs/appleleaf9/mobilenet_v3_large/baseline__appleleaf9__mobilenet_v3_large__seed42__cuda__full__epochs30/history.csv,results/baseline/runs/appleleaf9/mobilenet_v3_large/baseline__appleleaf9__mobilenet_v3_large__seed42__cuda__full__epochs30/per_class_metrics.csv,results/baseline/runs/appleleaf9/mobilenet_v3_large/baseline__appleleaf9__mobilenet_v3_large__seed42__cuda__full__epochs30/confusion_matrix.csv,results/baseline/runs/appleleaf9/mobilenet_v3_large/baseline__appleleaf9__mobilenet_v3_large__seed42__cuda__full__epochs30/confusion_matrix.png,results/baseline/runs/appleleaf9/mobilenet_v3_large/baseline__appleleaf9__mobilenet_v3_large__seed42__cuda__full__epochs30/learning_curves.png,baseline,none,4,False,,,,,sqlite:///mlflow.db,4213561
baseline__appleleaf9__efficientnet_b0__seed42__cuda__full__epochs30,0b0e55a2f4cd4500a4d86d5eefb1246b,appleleaf9,efficientnet_b0,baseline_student,42,splits/appleleaf9_seed42_70_15_15.json,9,10208,2184,2190,224,32,30,adamw,0.001,0.0001,True,cuda,20,0.9748168498168498,0.9658556564640056,0.9643835616438357,0.9450069080142554,0.9526982683165904,0.9484711896070565,0.9650293887718748,0.9643835616438357,0.9645101566523808,4019077,15.49221420288086,checkpoints/appleleaf9/efficientnet_b0/baseline__appleleaf9__efficientnet_b0__seed42__cuda__full__epochs30_best.pt,results/baseline/runs/appleleaf9/efficientnet_b0/baseline__appleleaf9__efficientnet_b0__seed42__cuda__full__epochs30/history.csv,results/baseline/runs/appleleaf9/efficientnet_b0/baseline__appleleaf9__efficientnet_b0__seed42__cuda__full__epochs30/per_class_metrics.csv,results/baseline/runs/appleleaf9/efficientnet_b0/baseline__appleleaf9__efficientnet_b0__seed42__cuda__full__epochs30/confusion_matrix.csv,results/baseline/runs/appleleaf9/efficientnet_b0/baseline__appleleaf9__efficientnet_b0__seed42__cuda__full__epochs30/confusion_matrix.png,results/baseline/runs/appleleaf9/efficientnet_b0/baseline__appleleaf9__efficientnet_b0__seed42__cuda__full__epochs30/learning_curves.png,baseline,none,4,False,,,,,sqlite:///mlflow.db,4019077
baseline__appleleaf9__resnet18__seed42__cuda__full__epochs30,dca0e1062aea40639ab18450ce928d28,appleleaf9,resnet18,baseline_student,42,splits/appleleaf9_seed42_70_15_15.json,9,10208,2184,2190,224,32,30,adamw,0.001,0.0001,True,cuda,30,0.9647435897435898,0.9511399668830852,0.9611872146118722,0.942769927262372,0.9430579603748324,0.9414043471483564,0.9628260611702304,0.9611872146118722,0.96151215932774,11181129,42.689395904541016,checkpoints/appleleaf9/resnet18/baseline__appleleaf9__resnet18__seed42__cuda__full__epochs30_best.pt,results/baseline/runs/appleleaf9/resnet18/baseline__appleleaf9__resnet18__seed42__cuda__full__epochs30/history.csv,results/baseline/runs/appleleaf9/resnet18/baseline__appleleaf9__resnet18__seed42__cuda__full__epochs30/per_class_metrics.csv,results/baseline/runs/appleleaf9/resnet18/baseline__appleleaf9__resnet18__seed42__cuda__full__epochs30/confusion_matrix.csv,results/baseline/runs/appleleaf9/resnet18/baseline__appleleaf9__resnet18__seed42__cuda__full__epochs30/confusion_matrix.png,results/baseline/runs/appleleaf9/resnet18/baseline__appleleaf9__resnet18__seed42__cuda__full__epochs30/learning_curves.png,baseline,none,4,False,,,,,sqlite:///mlflow.db,11181129
baseline__plantvillage__mobilenet_v3_small__seed42__cuda__full__epochs30,40dfd45d53294b81a2f5de569d3287b2,plantvillage,mobilenet_v3_small,baseline_student,42,splits/plantvillage_seed42_70_15_15.json,38,38013,8138,8154,224,32,30,adamw,0.001,0.0001,True,cuda,28,0.9944703858441878,0.9913772341080036,0.9942359578121168,0.992877187105152,0.991903658806322,0.9923470543180222,0.9942908706742528,0.9942359578121168,0.9942396366186492,1556806,5.985206604003906,checkpoints/plantvillage/mobilenet_v3_small/baseline__plantvillage__mobilenet_v3_small__seed42__cuda__full__epochs30_best.pt,results/baseline/runs/plantvillage/mobilenet_v3_small/baseline__plantvillage__mobilenet_v3_small__seed42__cuda__full__epochs30/history.csv,results/baseline/runs/plantvillage/mobilenet_v3_small/baseline__plantvillage__mobilenet_v3_small__seed42__cuda__full__epochs30/per_class_metrics.csv,results/baseline/runs/plantvillage/mobilenet_v3_small/baseline__plantvillage__mobilenet_v3_small__seed42__cuda__full__epochs30/confusion_matrix.csv,results/baseline/runs/plantvillage/mobilenet_v3_small/baseline__plantvillage__mobilenet_v3_small__seed42__cuda__full__epochs30/confusion_matrix.png,results/baseline/runs/plantvillage/mobilenet_v3_small/baseline__plantvillage__mobilenet_v3_small__seed42__cuda__full__epochs30/learning_curves.png,baseline,none,4,False,,,,,sqlite:///mlflow.db,1556806
baseline__plantvillage__mobilenet_v3_large__seed42__cuda__full__epochs30,935bc7abcf2044e9a0a5927173c07678,plantvillage,mobilenet_v3_large,baseline_student,42,splits/plantvillage_seed42_70_15_15.json,38,38013,8138,8154,224,32,30,adamw,0.001,0.0001,True,cuda,21,0.9938559842713196,0.9914061717507608,0.9946038753985774,0.9927928449817218,0.9921039154186938,0.9923881696650236,0.9946594332276234,0.9946038753985774,0.9945896844781582,4250710,16.30860137939453,checkpoints/plantvillage/mobilenet_v3_large/baseline__plantvillage__mobilenet_v3_large__seed42__cuda__full__epochs30_best.pt,results/baseline/runs/plantvillage/mobilenet_v3_large/baseline__plantvillage__mobilenet_v3_large__seed42__cuda__full__epochs30/history.csv,results/baseline/runs/plantvillage/mobilenet_v3_large/baseline__plantvillage__mobilenet_v3_large__seed42__cuda__full__epochs30/per_class_metrics.csv,results/baseline/runs/plantvillage/mobilenet_v3_large/baseline__plantvillage__mobilenet_v3_large__seed42__cuda__full__epochs30/confusion_matrix.csv,results/baseline/runs/plantvillage/mobilenet_v3_large/baseline__plantvillage__mobilenet_v3_large__seed42__cuda__full__epochs30/confusion_matrix.png,results/baseline/runs/plantvillage/mobilenet_v3_large/baseline__plantvillage__mobilenet_v3_large__seed42__cuda__full__epochs30/learning_curves.png,baseline,none,4,False,,,,,sqlite:///mlflow.db,4250710
baseline__plantvillage__efficientnet_b0__seed42__cuda__full__epochs30,846fe6eab2844686a423d9e9be40459f,plantvillage,efficientnet_b0,baseline_student,42,splits/plantvillage_seed42_70_15_15.json,38,38013,8138,8154,224,32,30,adamw,0.001,0.0001,True,cuda,14,0.9961907102482184,0.9938846120572878,0.9953397105714986,0.9949102525080245,0.9871290796099574,0.9902916894045146,0.9953476530150064,0.9953397105714986,0.9952599214753604,4056226,15.633926391601562,checkpoints/plantvillage/efficientnet_b0/baseline__plantvillage__efficientnet_b0__seed42__cuda__full__epochs30_best.pt,results/baseline/runs/plantvillage/efficientnet_b0/baseline__plantvillage__efficientnet_b0__seed42__cuda__full__epochs30/history.csv,results/baseline/runs/plantvillage/efficientnet_b0/baseline__plantvillage__efficientnet_b0__seed42__cuda__full__epochs30/per_class_metrics.csv,results/baseline/runs/plantvillage/efficientnet_b0/baseline__plantvillage__efficientnet_b0__seed42__cuda__full__epochs30/confusion_matrix.csv,results/baseline/runs/plantvillage/efficientnet_b0/baseline__plantvillage__efficientnet_b0__seed42__cuda__full__epochs30/confusion_matrix.png,results/baseline/runs/plantvillage/efficientnet_b0/baseline__plantvillage__efficientnet_b0__seed42__cuda__full__epochs30/learning_curves.png,baseline,none,4,False,,,,,sqlite:///mlflow.db,4056226
baseline__plantvillage__resnet18__seed42__cuda__full__epochs30,6cc76852495a42c3bb15209ae53c5f45,plantvillage,resnet18,baseline_student,42,splits/plantvillage_seed42_70_15_15.json,38,38013,8138,8154,224,32,30,adamw,0.001,0.0001,True,cuda,28,0.9950847874170556,0.9930724755525396,0.9948491537895512,0.9942685954193364,0.9912802754721804,0.9926361777869096,0.9949472933002538,0.9948491537895512,0.9948268202498124,11196006,42.74614715576172,checkpoints/plantvillage/resnet18/baseline__plantvillage__resnet18__seed42__cuda__full__epochs30_best.pt,results/baseline/runs/plantvillage/resnet18/baseline__plantvillage__resnet18__seed42__cuda__full__epochs30/history.csv,results/baseline/runs/plantvillage/resnet18/baseline__plantvillage__resnet18__seed42__cuda__full__epochs30/per_class_metrics.csv,results/baseline/runs/plantvillage/resnet18/baseline__plantvillage__resnet18__seed42__cuda__full__epochs30/confusion_matrix.csv,results/baseline/runs/plantvillage/resnet18/baseline__plantvillage__resnet18__seed42__cuda__full__epochs30/confusion_matrix.png,results/baseline/runs/plantvillage/resnet18/baseline__plantvillage__resnet18__seed42__cuda__full__epochs30/learning_curves.png,baseline,none,4,False,,,,,sqlite:///mlflow.db,11196006
baseline__plantpathology2021__mobilenet_v3_small__seed42__cuda__full__epochs30,da218f87af5f42189b63c22b136328d1,plantpathology2021,mobilenet_v3_small,baseline_student,42,splits/plantpathology2021_seed42_70_15_15.json,6,12095,2590,2592,224,32,30,adamw,0.001,0.0001,True,cuda,26,0.9343629343629344,0.9202193565433946,0.9402006172839508,0.9340690714396634,0.9194546501547746,0.9256475165644614,0.93912050180859,0.9402006172839508,0.9389721448409184,1524006,5.860084533691406,checkpoints/plantpathology2021/mobilenet_v3_small/baseline__plantpathology2021__mobilenet_v3_small__seed42__cuda__full__epochs30_best.pt,results/baseline/runs/plantpathology2021/mobilenet_v3_small/baseline__plantpathology2021__mobilenet_v3_small__seed42__cuda__full__epochs30/history.csv,results/baseline/runs/plantpathology2021/mobilenet_v3_small/baseline__plantpathology2021__mobilenet_v3_small__seed42__cuda__full__epochs30/per_class_metrics.csv,results/baseline/runs/plantpathology2021/mobilenet_v3_small/baseline__plantpathology2021__mobilenet_v3_small__seed42__cuda__full__epochs30/confusion_matrix.csv,results/baseline/runs/plantpathology2021/mobilenet_v3_small/baseline__plantpathology2021__mobilenet_v3_small__seed42__cuda__full__epochs30/confusion_matrix.png,results/baseline/runs/plantpathology2021/mobilenet_v3_small/baseline__plantpathology2021__mobilenet_v3_small__seed42__cuda__full__epochs30/learning_curves.png,baseline,none,4,False,,,,,sqlite:///mlflow.db,1524006
baseline__plantpathology2021__mobilenet_v3_large__seed42__cuda__full__epochs30,7a8448db65374672abe0c6811c6bb1c6,plantpathology2021,mobilenet_v3_large,baseline_student,42,splits/plantpathology2021_seed42_70_15_15.json,6,12095,2590,2592,224,32,30,adamw,0.001,0.0001,True,cuda,26,0.9347490347490348,0.9179048483901772,0.9448302469135802,0.9386678724907028,0.9261902442828466,0.9317464824518196,0.9441652568835148,0.9448302469135802,0.9439839567010978,4209718,16.15222930908203,checkpoints/plantpathology2021/mobilenet_v3_large/baseline__plantpathology2021__mobilenet_v3_large__seed42__cuda__full__epochs30_best.pt,results/baseline/runs/plantpathology2021/mobilenet_v3_large/baseline__plantpathology2021__mobilenet_v3_large__seed42__cuda__full__epochs30/history.csv,results/baseline/runs/plantpathology2021/mobilenet_v3_large/baseline__plantpathology2021__mobilenet_v3_large__seed42__cuda__full__epochs30/per_class_metrics.csv,results/baseline/runs/plantpathology2021/mobilenet_v3_large/baseline__plantpathology2021__mobilenet_v3_large__seed42__cuda__full__epochs30/confusion_matrix.csv,results/baseline/runs/plantpathology2021/mobilenet_v3_large/baseline__plantpathology2021__mobilenet_v3_large__seed42__cuda__full__epochs30/confusion_matrix.png,results/baseline/runs/plantpathology2021/mobilenet_v3_large/baseline__plantpathology2021__mobilenet_v3_large__seed42__cuda__full__epochs30/learning_curves.png,baseline,none,4,False,,,,,sqlite:///mlflow.db,4209718
baseline__plantpathology2021__efficientnet_b0__seed42__cuda__full__epochs30,668d3afe456a48fd8eccb3fd346fce0b,plantpathology2021,efficientnet_b0,baseline_student,42,splits/plantpathology2021_seed42_70_15_15.json,6,12095,2590,2592,224,32,30,adamw,0.001,0.0001,True,cuda,29,0.9494208494208494,0.9297482715681086,0.9594907407407408,0.958753894667533,0.9444245322831192,0.9504002823658348,0.959391142219842,0.9594907407407408,0.9587453037533468,4015234,15.477554321289062,checkpoints/plantpathology2021/efficientnet_b0/baseline__plantpathology2021__efficientnet_b0__seed42__cuda__full__epochs30_best.pt,results/baseline/runs/plantpathology2021/efficientnet_b0/baseline__plantpathology2021__efficientnet_b0__seed42__cuda__full__epochs30/history.csv,results/baseline/runs/plantpathology2021/efficientnet_b0/baseline__plantpathology2021__efficientnet_b0__seed42__cuda__full__epochs30/per_class_metrics.csv,results/baseline/runs/plantpathology2021/efficientnet_b0/baseline__plantpathology2021__efficientnet_b0__seed42__cuda__full__epochs30/confusion_matrix.csv,results/baseline/runs/plantpathology2021/efficientnet_b0/baseline__plantpathology2021__efficientnet_b0__seed42__cuda__full__epochs30/confusion_matrix.png,results/baseline/runs/plantpathology2021/efficientnet_b0/baseline__plantpathology2021__efficientnet_b0__seed42__cuda__full__epochs30/learning_curves.png,baseline,none,4,False,,,,,sqlite:///mlflow.db,4015234
baseline__plantpathology2021__resnet18__seed42__cuda__full__epochs30,b059885e65964840999a0f02bea9fe0f,plantpathology2021,resnet18,baseline_student,42,splits/plantpathology2021_seed42_70_15_15.json,6,12095,2590,2592,224,32,30,adamw,0.001,0.0001,True,cuda,25,0.9293436293436294,0.9086144826920725,0.9436728395061729,0.9382632013437875,0.9290013535730172,0.9322446407699599,0.94306679109666,0.9436728395061729,0.9425800230904683,11179590,42.68352508544922,checkpoints/plantpathology2021/resnet18/baseline__plantpathology2021__resnet18__seed42__cuda__full__epochs30_best.pt,results/baseline/runs/plantpathology2021/resnet18/baseline__plantpathology2021__resnet18__seed42__cuda__full__epochs30/history.csv,results/baseline/runs/plantpathology2021/resnet18/baseline__plantpathology2021__resnet18__seed42__cuda__full__epochs30/per_class_metrics.csv,results/baseline/runs/plantpathology2021/resnet18/baseline__plantpathology2021__resnet18__seed42__cuda__full__epochs30/confusion_matrix.csv,results/baseline/runs/plantpathology2021/resnet18/baseline__plantpathology2021__resnet18__seed42__cuda__full__epochs30/confusion_matrix.png,results/baseline/runs/plantpathology2021/resnet18/baseline__plantpathology2021__resnet18__seed42__cuda__full__epochs30/learning_curves.png,baseline,none,4,False,,,,,sqlite:///mlflow.db,11179590
