dataset_name,model_name,run_name,run_dir_exists,config_exists,history_exists,per_class_metrics_exists,confusion_matrix_csv_exists,confusion_matrix_png_exists,learning_curves_png_exists,checkpoint_exists
appleleaf9,mobilenet_v3_small,baseline__appleleaf9__mobilenet_v3_small__seed42__cuda__full__epochs30,True,True,True,True,True,True,True,True
appleleaf9,mobilenet_v3_large,baseline__appleleaf9__mobilenet_v3_large__seed42__cuda__full__epochs30,True,True,True,True,True,True,True,True
appleleaf9,efficientnet_b0,baseline__appleleaf9__efficientnet_b0__seed42__cuda__full__epochs30,True,True,True,True,True,True,True,True
appleleaf9,resnet18,baseline__appleleaf9__resnet18__seed42__cuda__full__epochs30,True,True,True,True,True,True,True,True
plantvillage,mobilenet_v3_small,baseline__plantvillage__mobilenet_v3_small__seed42__cuda__full__epochs30,True,True,True,True,True,True,True,True
plantvillage,mobilenet_v3_large,baseline__plantvillage__mobilenet_v3_large__seed42__cuda__full__epochs30,True,True,True,True,True,True,True,True
plantvillage,efficientnet_b0,baseline__plantvillage__efficientnet_b0__seed42__cuda__full__epochs30,True,True,True,True,True,True,True,True
plantvillage,resnet18,baseline__plantvillage__resnet18__seed42__cuda__full__epochs30,True,True,True,True,True,True,True,True
plantpathology2021,mobilenet_v3_small,baseline__plantpathology2021__mobilenet_v3_small__seed42__cuda__full__epochs30,True,True,True,True,True,True,True,True
plantpathology2021,mobilenet_v3_large,baseline__plantpathology2021__mobilenet_v3_large__seed42__cuda__full__epochs30,True,True,True,True,True,True,True,True
plantpathology2021,efficientnet_b0,baseline__plantpathology2021__efficientnet_b0__seed42__cuda__full__epochs30,True,True,True,True,True,True,True,True
plantpathology2021,resnet18,baseline__plantpathology2021__resnet18__seed42__cuda__full__epochs30,True,True,True,True,True,True,True,True
