epoch,train_loss,val_loss,val_accuracy,val_macro_precision,val_macro_recall,val_macro_f1,learning_rate
1,0.3601528695795216,0.16548773607926748,0.9507249938559843,0.9400831991750578,0.9340784903689003,0.9331257746742047,0.001
2,0.16513205475542103,0.07968880917458311,0.9751781764561317,0.9675638644982442,0.9668099543862939,0.9661455367958378,0.001
3,0.12252288060221395,0.08305351918596907,0.9723519292209388,0.9615025304490284,0.9630345740011913,0.9603177050404563,0.001
4,0.10093476327234992,0.09972147900684641,0.9711231260752028,0.9651951627168494,0.9534978995744856,0.9571611315620907,0.001
5,0.09574660426565548,0.056376180563782546,0.981322192184812,0.9693033356263362,0.975907410952345,0.9719221991100944,0.001
6,0.07985604318731068,0.07025935819551916,0.9786188252641926,0.9705664156076338,0.9709855808970541,0.9702962116792698,0.001
7,0.07092349752718115,0.12998329327928954,0.9606782993364463,0.9405906551852008,0.9516217332939448,0.9399121499302827,0.001
8,0.0578911384710748,0.076010173133738,0.9786188252641926,0.9711509507478425,0.9642864141857984,0.9635102802819192,0.001
9,0.06533943067276346,0.07213135115320088,0.9793561071516343,0.9759348331035317,0.9721791081217266,0.9726693111676317,0.001
10,0.05057876977146478,0.04339770572520452,0.9862374047677562,0.9835233350086124,0.9794281897409663,0.9809514665623186,0.001
11,0.052205537728059956,0.0685420779094468,0.9793561071516343,0.9704490423292451,0.9725408905635969,0.9699864636418407,0.001
12,0.04546550234356574,0.04035500231257351,0.9869746866551978,0.9837358439609609,0.9825050662569881,0.9829111859909329,0.001
13,0.04440089745255179,0.04813847942923224,0.9852543622511674,0.9811662693136923,0.9792707583322791,0.9799249309782457,0.001
14,0.04135276464471074,0.04113986629178191,0.9873433275989186,0.9803244458141201,0.9863604219682074,0.9828306256389658,0.001
15,0.03427533537875098,0.03397324296069274,0.9894322929466699,0.9853391857332077,0.9865954344022642,0.9855188956490749,0.001
16,0.0379737584772752,0.02999144585661809,0.990661096092406,0.9879209759225019,0.9868939883716378,0.9872681593986167,0.001
17,0.03834630589183492,0.06411582247985116,0.9818137134431064,0.9763992285080959,0.9785132034734209,0.97710458553307,0.001
18,0.030698638912314346,0.08075115853628827,0.9831653969034161,0.9799327982618952,0.9781192024951322,0.9770111193919737,0.001
19,0.033807735770509925,0.02787010630278671,0.9943475055296142,0.9917056288200969,0.9929614069667855,0.9922393928053843,0.001
20,0.028400551123920148,0.03477765423092111,0.9898009338903908,0.9850900214815571,0.986489459762479,0.9854721715261971,0.001
21,0.03193418398489584,0.03210768855667378,0.9909068567215532,0.988444150139917,0.9877696385580513,0.987879566226354,0.001
22,0.026182539002961535,0.05051020944356452,0.9877119685426394,0.9862928367046001,0.9846569959231714,0.9851695705301942,0.001
23,0.02578553199223432,0.02427823222251057,0.9937331039567461,0.9888980975132202,0.9919386659044953,0.9902887449467436,0.001
24,0.028022873791686463,0.034536265566260695,0.9893094126320964,0.9870372713622954,0.9862429758672294,0.9863081650423972,0.001
25,0.02114530871796169,0.03777784393015871,0.9890636520029491,0.9845532605547384,0.9849107498737263,0.9846098479013184,0.001
26,0.027180321638335846,0.028775127228850807,0.9927500614401573,0.9886551275601883,0.9916631637803855,0.9900185199205216,0.001
27,0.020941823662118733,0.021232104124937975,0.9939788645858934,0.9916142271233944,0.9923251703106414,0.9919172378972905,0.001
28,0.020949941408448094,0.02241179941169294,0.9950847874170557,0.9936504567718408,0.9926243493480698,0.9930724755525397,0.001
29,0.021643129547312522,0.025283221860252506,0.9933644630130253,0.9908310653711782,0.991747865157842,0.9909879783876188,0.001
30,0.02168176526455882,0.020551604907928085,0.9939788645858934,0.990664329617616,0.9918847049681098,0.9912413885551347,0.001
