class_id,class_name,precision,recall,f1,support
0,Apple___Apple_scab,1.0,0.9894736842105263,0.9947089947089947,95
1,Apple___Black_rot,1.0,1.0,1.0,93
2,Apple___Cedar_apple_rust,1.0,1.0,1.0,41
3,Apple___healthy,1.0,0.9959514170040485,0.9979716024340771,247
4,Blueberry___healthy,0.995575221238938,1.0,0.9977827050997783,225
5,Cherry_(including_sour)___healthy,1.0,0.984375,0.9921259842519685,128
6,Cherry_(including_sour)___Powdery_mildew,1.0,1.0,1.0,158
7,Corn_(maize)___Cercospora_leaf_spot Gray_leaf_spot,0.9855072463768116,0.8831168831168831,0.9315068493150684,77
8,Corn_(maize)___Common_rust_,0.994413407821229,0.994413407821229,0.994413407821229,179
9,Corn_(maize)___healthy,1.0,1.0,1.0,174
10,Corn_(maize)___Northern_Leaf_Blight,0.9423076923076923,0.9932432432432432,0.9671052631578947,148
11,Grape___Black_rot,0.9887640449438202,0.9943502824858758,0.9915492957746479,177
12,Grape___Esca_(Black_Measles),0.9952153110047847,1.0,0.9976019184652278,208
13,Grape___healthy,1.0,1.0,1.0,64
14,Grape___Leaf_blight_(Isariopsis_Leaf_Spot),1.0,1.0,1.0,162
15,Orange___Haunglongbing_(Citrus_greening),1.0,1.0,1.0,826
16,Peach___Bacterial_spot,1.0,1.0,1.0,345
17,Peach___healthy,0.9818181818181818,1.0,0.9908256880733946,54
18,"Pepper,_bell___Bacterial_spot",1.0,1.0,1.0,150
19,"Pepper,_bell___healthy",0.9954954954954955,0.9954954954954955,0.9954954954954955,222
20,Potato___Early_blight,1.0,0.9933333333333333,0.9966555183946488,150
21,Potato___healthy,1.0,1.0,1.0,23
22,Potato___Late_blight,1.0,0.96,0.9795918367346939,150
23,Raspberry___healthy,1.0,0.9642857142857143,0.9818181818181818,56
24,Soybean___healthy,0.9973856209150327,0.9986910994764397,0.9980379332897319,764
25,Squash___Powdery_mildew,1.0,1.0,1.0,275
26,Strawberry___healthy,1.0,1.0,1.0,69
27,Strawberry___Leaf_scorch,0.9881656804733728,1.0,0.9940476190476191,167
28,Tomato___Bacterial_spot,0.9937304075235109,0.9937304075235109,0.9937304075235109,319
29,Tomato___Early_blight,0.9930555555555556,0.9533333333333334,0.9727891156462585,150
30,Tomato___healthy,1.0,1.0,1.0,239
31,Tomato___Late_blight,0.9728813559322034,1.0,0.9862542955326461,287
32,Tomato___Leaf_Mold,1.0,1.0,1.0,143
33,Tomato___Septoria_leaf_spot,1.0,0.9962406015037594,0.9981167608286252,266
34,Tomato___Spider_mites Two-spotted_spider_mite,0.996,0.9880952380952381,0.9920318725099602,252
35,Tomato___Target_Spot,0.9631336405529954,0.990521327014218,0.9766355140186916,211
36,Tomato___Tomato_mosaic_virus,1.0,1.0,1.0,56
37,Tomato___Tomato_Yellow_Leaf_Curl_Virus,0.9987577639751553,1.0,0.9993784959602238,804
